Leg,Site,H,Cor,T,Sc,Top(cm),Depth (mbsf),CaCO3 (wt %),Corr. Counts,Density (g/cc),L*,a*,b*
189,1170,D,31,R,3,72,706.52,0.65,6.59,1.763,28.06,0.9,3.24
189,1170,D,32,R,1,72,713.12,0.79,6.39,1.739,24.8,0.79,5.95
189,1170,D,32,R,5,72,719.12,0.76,6.79,1.72,29.54,0.04,4.54
189,1170,D,33,R,3,72,725.72,0.95,7.39,1.808,30.83,0.87,2.64
189,1170,D,34,R,3,72,735.32,8.19,6.39,1.723,34.92,0.08,5.05
189,1170,D,35,R,1,72,741.92,0.58,8.99,1.725,28.41,0.97,3.41
189,1170,D,35,R,3,72,744.92,0.87,6.39,1.716,24.42,0.57,5.48
189,1170,D,35,R,5,72,747.92,3.78,6.39,1.77,27.6,0.56,5.43
189,1170,D,36,R,1,72,751.52,9.65,6.39,1.738,28.03,0.53,7.27
189,1170,D,36,R,3,72,754.52,0.52,6.59,1.8,26.82,0.91,5.23
189,1170,D,38,R,5,72,776.8,9.76,6.99,1.331,36.8,-0.09,5.72
194,1192,A,1,H,5,75,6.75,80.75,9.29,1.625,56.88,0.34,9.8
194,1192,A,2,H,2,75,11.75,78.39,16.49,1.636,60.41,0.74,11.34
194,1192,A,3,H,2,75,21.25,85.19,15.89,1.618,57.21,0.2,14.2
194,1192,A,3,H,5,75,25.75,81.78,14.49,1.6,55.1,0.26,14.41
194,1192,A,5,H,2,74,31.74,83.03,12.09,1.615,52.31,0.45,13.11
194,1192,A,5,H,5,74,36.24,84.75,9.89,1.621,54.6,-0.05,13.39
194,1192,A,6,H,2,75,41.25,79.33,7.89,1.723,56.36,0,11.33
194,1192,A,7,H,2,74,50.74,72.72,8.09,1.7,52.03,-0.43,9.75
194,1192,A,7,H,5,74,55.24,80.58,9.49,1.685,53.34,-0.3,11.5
194,1192,A,8,H,5,75,64.75,80.38,9.29,1.68,52.35,-0.3,11.16
194,1192,A,9,H,5,75,74.25,77.31,8.29,1.669,51.52,0.38,10.2
194,1192,A,12,H,2,75,89.75,80.67,6.89,1.699,53.09,-0.32,11.46
194,1192,A,12,H,5,75,94.25,85.23,6.29,1.724,57.17,-0.21,10.47
194,1192,A,26,H,2,75,214.25,90.92,7.49,1.777,59.83,-0.45,12.37
194,1192,A,26,H,5,75,218.75,88.68,8.69,1.765,55.19,-0.47,9.57
194,1192,A,27,H,2,75,223.75,90.41,14.89,1.835,26.53,0.08,5.59
194,1192,A,27,H,5,75,228.25,86.82,9.29,1.768,33.09,-0.07,5.3
194,1192,A,29,H,2,75,234.25,89.54,7.09,1.825,54.68,-0.27,10.49
194,1192,A,29,H,5,75,238.75,84.34,8.29,1.848,52.89,-0.46,8.73
194,1192,B,10,X,2,75,241.25,88.62,7.29,1.884,57.62,-0.8,12.45
194,1192,B,10,X,5,75,245.25,91.44,6.89,1.868,56.34,-1.01,8.82
194,1192,B,12,X,2,75,260.45,80.21,25.29,1.852,52.93,-1.36,8.83
194,1192,B,12,X,4,16,262.86,66.553,40.29,1.919,53.32,-1.15,7.9
194,1192,B,13,X,CC,16,267.96,86.72,40.29,1.919,52.97,-0.84,7.98
194,1192,B,14,X,CC,11,277.61,84.83,40.29,1.919,52.97,-0.84,7.98
194,1192,B,16,X,1,75,297.55,88.24,8.49,1.88,52.38,-1.46,8.89
194,1192,B,17,X,5,50,312.9,90.2,13.69,2.095,54.92,-1.11,8.33
194,1192,B,19,X,2,75,327.85,68.58,12.09,1.905,49.83,-1.27,6.6
194,1192,B,19,X,3,75,329.35,75,12.29,1.963,49.7,-1.25,7.6
194,1192,B,21,X,2,75,338.45,85.56,9.49,1.988,52.64,-0.73,9.16
194,1192,B,21,X,5,75,342.95,94.68,10.89,2.253,52.93,-0.16,8.62
194,1193,A,1,H,2,75,2.25,89.68,10.69,1.632,71.32,1.16,10.83
194,1193,A,1,H,4,75,5.25,82.76,49.49,1.652,57.16,-0.04,12.96
194,1193,A,2,H,2,75,8.85,77.67,13.09,1.66,56.65,-0.7,9.76
194,1193,A,2,H,4,75,11.85,72.67,11.09,1.736,54.83,-0.61,12.26
194,1193,A,3,H,2,75,18.35,74.9,32.69,1.688,51.34,-0.65,9.69
194,1193,A,3,H,4,75,21.35,83.2,12.09,1.647,56.83,-0.56,10.91
194,1193,A,4,H,2,75,27.85,80.61,13.69,1.616,56.35,-0.1,12.04
194,1193,A,4,H,4,75,30.85,82.05,21.89,1.648,54.95,-0.2,10.39
194,1193,A,4,H,6,75,33.85,83.43,21.89,1.615,54.57,-0.48,11.99
194,1193,A,31,X,1,43,167.03,89.41,26.69,1.711,51.58,-1.43,3.36
194,1193,A,31,X,2,89,168.99,59.56,9.69,1.881,51.92,-1.64,4.49
194,1193,A,32,X,1,36,171.86,69.13,16.69,1.924,48.12,-1.47,4.15
194,1193,A,32,X,1,99,172.49,57.29,16.29,1.854,50.37,-1.28,3.74
194,1193,A,32,X,2,46,173.46,91.35,9.49,1.836,56.43,-1.16,5.55
194,1193,A,33,X,1,10,176.4,96.03,9.49,1.836,53.64,-0.96,5.22
194,1193,A,34,X,1,3,186.03,93.77,9.49,1.836,53.64,-0.96,5.22
194,1193,A,35,X,1,5,190.85,96.01,9.49,1.836,53.64,-0.96,5.22
194,1193,A,37,X,1,3,200.43,99.85,9.49,1.836,53.64,-0.96,5.22
194,1193,A,38,X,1,11,205.31,92.18,9.49,1.836,53.64,-0.96,5.22
194,1193,A,39,X,1,62,210.62,95.51,6.09,1.97,62.5,0.45,10.83
194,1193,A,41,X,1,38,219.98,51.36,22.49,1.874,44.25,-1.13,5.09
194,1193,A,41,X,2,57,221.67,81.71,13.69,2.035,49.25,-1.15,8.04
194,1193,A,41,X,CC,2,222.54,98.42,7.49,1.953,54.95,-0.53,4.64
194,1193,A,42,X,1,7,224.47,97.02,7.49,1.953,54.95,-0.53,4.64
194,1193,A,43,X,2,49,231.19,68.76,10.49,1.888,46.75,-1.26,5.77
194,1193,A,43,X,3,89,233.09,70.19,14.69,1.837,49.02,-0.93,5.45
194,1193,A,44,X,1,38,234.38,49.74,14.09,1.856,45.18,-1.71,4.41
194,1193,A,44,X,2,58,236.08,54.24,16.09,1.93,46.83,-1.24,4.28
194,1193,A,44,X,3,10,237.1,46.35,14.89,1.824,46.67,-1.34,4.3
194,1193,A,45,X,1,38,239.18,37.79,14.49,1.768,40.61,-1.61,4.48
194,1193,A,45,X,3,10,241.9,58.9,16.09,1.886,45.07,-1.29,5.02
194,1193,A,46,X,1,38,243.98,68.66,13.49,1.913,50.52,-0.92,6.09
194,1193,A,46,X,3,23,246.83,87.38,26.09,1.931,54.34,-0.54,6.89
194,1193,A,46,X,4,133,249.43,81.73,12.69,2.097,53.25,-0.28,10.34
194,1193,A,47,X,1,75,253.85,86.62,16.29,1.671,53.91,0.03,10.21
194,1193,A,47,X,3,76,256.86,82.67,11.49,1.859,54.03,-0.52,8.09
194,1193,A,47,X,5,74,259.84,82.01,15.49,2.083,51.27,-0.78,9
194,1193,A,48,X,1,75,263.45,78.85,10.89,1.848,48.82,-0.08,10.86
194,1193,A,48,X,3,75,265.95,98.07,10.09,2.092,51.22,0.47,9.08
194,1193,A,49,X,1,50,272.8,82.56,11.89,1.897,53.49,0.08,7.13
194,1193,A,49,X,3,50,275.3,92.84,18.29,1.957,44.53,0.63,6.85
194,1193,A,50,X,1,50,282.4,81.71,7.29,1.921,48.18,-0.18,7.94
194,1193,A,50,X,2,50,283.9,95.53,11.09,2.012,45.12,0.18,9.84
194,1193,A,50,X,3,50,284.9,88.51,12.29,2.101,49.81,0.04,7.85
194,1193,A,51,X,1,76,292.26,83.49,14.49,1.928,54.78,-1.19,9.14
194,1193,A,51,X,3,78,295.28,79.67,19.89,2.103,55.52,-1.04,8.69
194,1193,A,52,X,1,75,301.85,90.31,13.49,2.056,54.67,-0.22,11.91
194,1193,A,53,X,1,47,311.17,84.54,10.09,1.964,49.28,-0.31,11.4
194,1193,A,55,X,CC,17,320.57,83.56,14.49,1.936,55.95,0.13,9.99
194,1193,A,56,X,CC,17,325.37,84.03,14.49,1.936,55.95,0.13,9.99
194,1193,A,58,X,1,75,340.45,81.37,12.09,1.725,53.11,-0.26,7.51
194,1193,A,58,X,3,75,343.45,80.32,12.69,1.721,45.33,-0.46,8.46
194,1193,A,58,X,5,75,346.31,85.66,10.49,1.839,52.44,-0.38,7.76
194,1193,A,59,X,1,75,350.15,85.07,19.09,1.847,50.78,-0.05,9.93
194,1193,A,59,X,3,75,352.97,84.04,16.69,1.791,50.09,-0.71,7.42
194,1193,A,59,X,5,75,356,85.41,21.09,1.776,49.41,-0.39,7.23
194,1193,A,60,X,1,76,359.76,88.49,22.09,1.626,54.01,0,9.15
194,1193,A,60,X,3,80,362.72,79.72,14.89,2.074,46.2,-0.06,7.78
194,1193,A,60,X,5,75,365.67,54.14,14.89,1.934,43.55,-0.45,5.34
194,1193,A,61,X,1,80,369.5,92.63,15.09,1.523,50.22,0.03,7.54
194,1193,A,61,X,3,79,372.23,82.33,12.89,1.748,44.52,-1.12,6.87
194,1193,A,61,X,5,75,375.15,87.8,14.29,0.678,56.02,0.05,8.55
194,1193,A,62,X,1,76,379.06,84.37,24.29,1.737,43.65,-0.49,7.3
194,1193,A,62,X,3,78,382.11,87.19,24.09,2.014,55.16,-0.71,9.72
194,1193,A,62,X,5,74,385.07,71.72,18.09,2.195,53.69,-0.37,6.92
194,1193,A,78,X,1,26,469.96,76.93,11.09,1.758,44.32,-0.98,6.09
194,1193,A,79,X,1,78,475.28,41.7,14.69,2.039,40.61,-0.87,2.9
194,1193,A,79,X,3,46,477.46,58.92,14.69,2.198,44.06,-0.92,2.84
194,1193,A,80,X,1,30,479.6,25.3,14.49,2.01,41.04,-0.75,2.74
194,1193,A,81,X,1,30,484.4,17.73,14.89,1.931,41.74,-0.78,1.4
194,1193,A,82,X,1,30,494,5.1,18.69,2.077,40.03,-0.87,1.77
194,1193,A,83,X,CC,15,503.45,53.45,14.29,2.104,38.97,-0.93,1.14
194,1193,B,1,R,1,85,35.85,97.25,15.29,1.917,45.35,2.1,7.06
194,1193,B,1,R,1,133,36.33,98.78,13.49,0.9,50.86,0.28,3.39
194,1193,B,1,R,2,11,36.61,99.59,10.09,1.259,61.9,0.47,5.98
194,1193,B,1,R,2,49,36.99,99.34,8.49,0.818,69.35,0.31,7.22
194,1193,C,1,R,1,20,35.2,94.89,27.89,1.611,39.1,6.96,7.25
194,1193,C,5,R,2,85,512.17,26.74,19.69,1.811,36.78,-0.78,1.61
194,1193,C,5,R,2,92,512.24,37.45,20.49,1.762,38.06,-0.69,1.93
194,1193,C,5,R,3,82,513.5,62.84,25.69,1.834,38.62,-1.02,3.41
194,1193,C,5,R,4,114,515.18,53.85,10.69,1.778,36.2,-0.67,1.77
194,1193,C,5,R,4,115,515.19,59.36,10.69,1.778,36.2,-0.67,1.77
194,1193,C,6,R,1,104,520.64,57.6,10.49,1.964,41.49,-1.21,1.33
194,1193,C,6,R,1,109,520.69,63.97,14.09,0.798,27.74,-0.77,1.84
194,1193,C,6,R,2,59,521.69,22.22,11.69,1.737,34.4,-1.64,1.67
194,1193,C,6,R,2,77,521.87,13.43,17.89,1.755,38.16,-0.34,0.67
194,1194,A,1,H,2,70,2.2,88.87,24.89,1.597,62.84,3.31,18.95
194,1194,A,2,H,2,70,6.9,76.59,16.09,1.687,47.53,-0.57,10.65
194,1194,A,2,H,4,70,9.9,77.04,12.09,1.708,50.94,-0.6,12.09
194,1194,A,2,H,6,70,12.9,76.47,17.49,1.752,49.86,-0.88,11.58
194,1194,A,3,H,2,70,16.4,81.8,7.89,1.771,54.16,-0.92,13.72
194,1194,A,3,H,4,70,19.4,69.63,12.29,1.705,50.9,-0.87,11.61
194,1194,A,3,H,6,70,22.4,75.09,12.89,1.744,51.2,-1.01,11.85
194,1194,A,4,H,2,70,25.9,73.56,9.09,1.745,41.69,-0.73,5.78
194,1194,A,4,H,4,70,28.9,75.04,14.49,1.748,53.07,-0.77,10.07
194,1194,A,4,H,6,70,31.9,76.4,18.89,1.724,50.5,-0.5,10.6
194,1194,A,5,H,2,70,35.4,58.89,14.09,1.683,46.68,-1.16,9.04
194,1194,A,5,H,4,70,38.4,80.7,15.69,1.757,46.58,-0.46,8.33
194,1194,A,5,H,6,70,41.4,80.63,13.49,1.768,53.18,-0.64,9.59
194,1194,A,6,H,2,70,44.9,78.72,7.89,1.675,54.72,-0.68,9.78
194,1194,A,6,H,4,70,47.9,69.22,14.09,1.677,50.94,-0.7,7.39
194,1194,A,6,H,6,70,50.9,70.21,11.09,1.707,47.93,-0.7,8.93
194,1194,A,7,H,2,70,54.4,77.08,12.29,1.72,53.46,-1.01,11.71
194,1194,A,7,H,4,70,57.4,79.85,8.29,1.687,56.14,-0.56,10.78
194,1194,A,7,H,6,70,60.4,73.44,9.89,1.772,53.5,-1.15,8.68
194,1194,A,8,H,2,70,63.9,79.48,11.29,1.768,57.81,-1.23,12.05
194,1194,A,8,H,4,70,66.9,79.19,20.49,1.771,58.02,-1,9.05
194,1194,A,8,H,6,70,69.9,78.81,9.09,1.795,54.82,-0.85,10.38
194,1194,A,9,H,2,70,73.4,69.49,23.89,1.79,48.85,-1.32,10.01
194,1194,A,9,H,4,70,76.4,84.83,8.89,1.803,56.78,-1.07,13.16
194,1194,A,9,H,6,70,79.4,69.98,12.29,1.794,56.05,-0.76,6.84
194,1194,A,10,H,2,70,82.9,77.2,10.49,1.742,56.2,-1.27,8.73
194,1194,A,10,H,4,70,85.9,76.93,10.89,1.772,55.09,-1.01,8.94
194,1194,A,10,H,6,70,88.9,76.77,14.89,1.808,55.96,-1.01,10.53
194,1194,A,11,H,2,70,92.4,81.09,10.29,1.825,56.55,-0.86,9.48
194,1194,A,11,H,4,70,95.4,88.21,11.69,1.824,58.13,-1.02,9.85
194,1194,A,11,H,6,70,98.4,78.43,8.69,1.835,58.19,-0.7,9.13
194,1194,A,12,H,2,70,101.9,77.93,6.89,1.837,59.39,-1.4,8.36
194,1194,A,12,H,4,70,104.9,79.72,10.29,1.79,57.89,-0.82,9.92
194,1194,A,12,H,6,70,107.9,83.67,10.29,1.764,60.19,-0.53,9.35
194,1194,A,13,H,2,70,111.4,88.48,7.69,1.806,65.64,-0.93,9.19
194,1194,A,13,H,4,70,114.4,86.22,12.89,1.78,54.69,-0.55,11.35
194,1194,A,14,X,1,75,118.15,94.76,6.29,1.315,62.47,-0.75,8.69
194,1194,A,20,X,1,31,160.61,97.8,6.69,1.908,35.16,-0.31,5.75
194,1194,B,2,R,2,70,112.2,89.07,8.49,1.796,63.1,-0.36,10.04
194,1194,B,2,R,4,50,115,85.69,19.69,1.653,52.93,-0.16,9.57
194,1194,B,3,R,1,77,120.37,67.89,64.49,2.261,52.51,4.56,17.53
194,1194,B,4,R,1,34,129.64,70.28,64.49,2.261,44.96,-1.13,4.51
194,1194,B,5,R,1,44,139.24,82.75,9.89,1.392,46.45,-0.79,6.13
194,1194,B,6,R,1,50,148.9,95.29,9.29,1.517,53.64,-0.08,9.71
194,1194,B,6,R,2,33,149.98,89.01,9.49,1.675,45.26,-0.16,5.93
194,1194,B,7,R,1,107,159.07,89.68,15.09,1.911,54.06,-0.9,8.15
194,1194,B,8,R,1,81,168.41,94.53,11.49,1.83,53.72,-0.36,9.74
194,1194,B,8,R,2,46,169.56,91.87,12.89,1.859,58.76,-0.17,9.34
194,1194,B,9,R,1,23,177.43,45.32,9.89,1.908,59.08,-0.1,10.45
194,1194,B,12,R,1,50,206.5,93.77,8.49,1.941,51.59,-1.74,10.23
194,1194,B,15,R,1,50,235.4,66.06,15.89,1.707,48.57,-1.68,4.58
194,1194,B,16,R,1,10,244.6,91.15,14.29,1.841,47.92,-1.52,6.41
194,1194,B,17,R,1,34,254.54,82.92,12.89,1.688,33.61,-0.14,1
194,1194,B,17,R,2,90,255.97,93.39,6.89,1.58,56.61,-0.53,10.08
194,1194,B,20,R,1,46,283.46,93.12,10.89,1.357,27.6,0.19,2.77
194,1194,B,21,R,1,65,293.25,89.41,7.49,0.962,56.13,-0.19,9.43
194,1194,B,22,R,1,49,302.69,82.59,9.49,1.716,55.87,-0.49,10.24
194,1194,B,23,R,1,86,312.76,60.98,14.49,1.328,47.35,-0.91,4.93
194,1194,B,24,R,1,78,322.28,83.49,10.89,0.475,47.01,-0.35,6.2
194,1194,B,24,R,2,63,323.63,74.51,8.69,1.92,44.55,-0.79,6.82
194,1194,B,25,R,1,74,331.84,83.33,11.49,1.864,54.11,-0.41,8.14
194,1194,B,25,R,3,65,334.37,79.13,11.69,1.791,51.63,-0.42,9.03
194,1194,B,25,R,5,27,336.94,75.86,8.69,1.799,48.92,-0.4,5.68
194,1194,B,26,R,1,62,341.32,86.51,10.69,1.837,52.77,-0.59,7.54
194,1194,B,26,R,3,47,344.08,78.2,21.89,1.839,51.93,-1.54,7.47
194,1194,B,26,R,5,49,346.58,90.5,10.89,1.336,51.3,-0.51,8.61
194,1194,B,27,R,2,65,352.05,88.62,13.09,1.812,55.09,-0.35,8.79
194,1194,B,28,R,1,26,360.16,85.72,15.69,1.551,44.91,-0.12,7.53
194,1194,B,28,R,3,34,362.91,81.95,7.89,1.899,51.47,-0.98,7.17
194,1194,B,28,R,5,31,365.45,78.85,13.49,1.857,43.24,-0.6,7.11
194,1194,B,29,R,1,37,369.87,85.63,9.09,1.809,52.94,-0.35,7.19
194,1194,B,29,R,3,52,372.48,83.56,15.49,1.921,58.26,-0.51,8.28
194,1194,B,30,R,3,51,382.71,76.65,10.69,2.133,54.98,-1.28,5.66
194,1194,B,31,R,1,50,389.3,92.85,7.89,1.688,60.68,-0.45,10.19
194,1194,B,31,R,2,47,390.74,96.99,7.89,1.858,60.68,-0.45,10.19
194,1194,B,32,R,1,47,398.87,79.6,14.89,1.42,51.5,-0.4,6.54
194,1194,B,32,R,2,44,399.95,93.83,9.29,1.118,55.02,-0.84,6.07
194,1194,B,33,R,1,51,408.41,95.76,7.29,0.743,55.53,0.59,8.44
194,1194,B,33,R,2,50,409.45,99.15,10.89,1.712,32.01,0.59,5.5
194,1194,B,33,R,3,50,410.9,92.9,12.69,1.944,43.49,0.2,6.4
194,1194,B,34,R,2,50,419.48,78.77,19.29,1.91,39.45,-0.57,3.67
194,1194,B,34,R,3,20,420.63,92.01,13.09,1.229,48.76,-0.32,6.72
194,1195,A,1,H,3,64,3.64,89.11,6.89,1.855,68.61,2.67,21.14
194,1195,A,2,H,3,64,8.34,80.42,23.29,1.644,54.08,0.4,11.49
194,1195,A,2,H,5,64,11.34,83.97,26.09,1.687,57.66,0.04,13.36
194,1195,A,3,H,1,64,14.84,79.31,8.89,1.714,54.82,0.05,10.98
194,1195,A,3,H,3,64,17.84,90.74,15.49,1.652,64.21,0.86,11.33
194,1195,A,3,H,5,64,20.84,91.28,6.29,1.585,65.16,2.95,15.91
194,1195,A,4,H,3,64,27.34,89.29,12.69,1.58,66.34,1.76,14.78
194,1195,A,4,H,5,64,30.34,86.54,15.69,1.516,62.95,3.37,19.15
194,1195,A,5,H,1,64,33.84,87.49,13.09,1.484,59.79,3.13,19.16
194,1195,A,5,H,3,64,36.84,85.1,38.69,1.609,54.75,6.42,28.98
194,1195,A,5,H,5,64,39.84,83.02,17.29,1.58,55.13,0.26,14.09
194,1195,A,6,H,1,64,43.34,79.67,13.49,1.569,53.92,0.32,15.86
194,1195,A,6,H,3,64,46.34,87.83,6.89,1.474,57.5,0.13,12.25
194,1195,A,6,H,5,64,49.34,85.37,9.09,1.55,52.93,-0.56,12.76
194,1195,A,7,H,1,64,52.84,87.71,9.49,1.648,52.91,0.34,11.98
194,1195,A,8,H,3,64,65.34,82.85,8.09,1.53,47.44,0.64,12.81
194,1195,A,9,H,1,64,71.84,82.81,13.69,1.653,55.44,0.52,13.86
194,1195,A,9,H,3,64,73.76,88.14,13.09,1.48,60.2,0.33,13.1
194,1195,A,9,H,5,64,76.76,84.23,22.29,1.714,58.77,0.29,13.71
194,1195,B,9,H,1,64,75.54,84.86,20.89,1.709,57.08,0.34,11.96
194,1195,B,9,H,3,64,78.54,79.35,18.29,1.675,54.66,1.19,11.79
194,1195,B,9,H,5,64,81.54,82.88,13.89,1.56,54.32,0.17,15.26
194,1195,B,10,H,1,64,85.04,80.48,10.49,1.756,54.57,1.08,12.41
194,1195,B,10,H,3,64,88.04,85.12,12.89,1.707,54.42,0.15,12.58
194,1195,B,10,H,5,64,91.04,87.19,9.49,1.698,55.16,-0.38,12.31
194,1195,B,11,H,1,64,94.54,85.57,7.49,1.711,54.93,-1.2,9.34
194,1195,B,11,H,3,64,97.54,89.21,6.49,1.718,58.18,-0.7,10.83
194,1195,B,11,H,5,64,100.54,87.61,6.49,1.715,56.95,-0.98,10.06
194,1195,B,12,H,1,64,104.04,85.72,6.69,1.642,57.62,-1.29,11.61
194,1195,B,12,H,3,64,107.04,83.4,9.49,1.689,53.86,-1.01,8.73
194,1195,B,12,H,5,64,110.04,86.28,10.69,1.703,57.57,-1.04,11.43
194,1195,B,13,H,3,64,116.54,88.73,7.49,1.7,64.19,-0.5,11.1
194,1195,B,16,H,5,64,148.04,89.5,9.29,1.714,65.61,-0.15,10.92
194,1195,B,17,H,5,64,157.54,90.73,7.69,1.824,63.24,-0.4,11.2
194,1195,B,18,H,5,64,167.04,90.2,7.09,1.723,60.7,-0.24,11.5
194,1195,B,19,H,1,64,170.54,88.36,9.69,1.667,61.65,-0.92,11.18
194,1195,B,19,H,5,64,176.54,91.48,10.69,1.832,63.92,-0.46,11.26
194,1195,B,20,H,1,64,180.04,90.41,6.69,1.842,61.21,-0.28,11.69
194,1195,B,20,H,5,64,186.04,85.02,9.09,1.791,59.97,-0.54,10.58
194,1195,B,21,H,3,64,192.54,89.22,8.89,1.77,55.44,-0.55,12.55
194,1195,B,22,H,1,64,199.04,89.94,7.09,1.643,50.43,-0.3,6.95
194,1195,B,22,H,5,64,205.04,91,6.89,1.821,59.36,-0.36,14.33
194,1195,B,23,X,1,64,208.54,89.58,13.09,1.742,54.47,-0.56,11.61
194,1195,B,24,X,1,64,218.14,87.74,8.09,1.73,47.03,-0.4,8.11
194,1195,B,24,X,5,68,224.18,86.53,6.89,1.825,55.5,-0.49,10.99
194,1195,B,26,X,3,66,240.33,86.26,12.29,1.806,59.31,-1.34,9.56
194,1195,B,27,X,1,64,246.94,87.51,16.09,1.734,57.8,-2.38,10.26
194,1195,B,27,X,3,64,249.94,84.81,16.49,1.839,58.55,-2.98,9.89
194,1195,B,28,X,1,64,256.54,88.91,15.69,1.832,57.32,-2.08,10.4
194,1195,B,28,X,3,64,259.54,87.03,22.29,1.83,59.32,-1.97,10.6
194,1195,B,28,X,5,67,262.57,92.72,10.29,1.942,56.45,-1.16,12.46
194,1195,B,29,X,5,66,272.16,84.02,9.49,2.005,56.62,-1.06,10.52
194,1195,B,30,X,1,71,275.81,75.09,11.69,1.844,55.3,-1.05,7.81
194,1195,B,30,X,3,64,278.74,94.3,14.09,1.964,54.02,-0.2,8.54
194,1195,B,31,X,1,68,285.28,90.77,18.29,1.798,53.17,-0.66,10.25
194,1195,B,32,X,2,63,296.33,95.32,8.89,1.968,60.56,-0.08,11.71
194,1195,B,33,X,3,70,307.6,67.16,12.29,1.954,52.05,-1.71,9.18
194,1195,B,34,X,1,68,314.18,76.59,8.89,1.862,43.69,-0.94,6.56
194,1195,B,34,X,3,64,317.14,88.01,7.69,2.06,58.37,-1.02,12.09
194,1195,B,35,X,1,70,323.8,93.82,7.49,1.896,56.25,-0.27,11.3
194,1195,B,35,X,3,60,326.7,78.82,16.49,2.18,52.62,-0.87,9.54
194,1195,B,35,X,5,62,329.72,74.47,12.09,2.112,53.12,-1.19,7.27
194,1195,B,36,X,1,64,333.34,52.89,18.29,1.841,50.6,-1.82,5.84
194,1195,B,36,X,3,70,336.4,83.71,10.09,1.966,54.53,-0.3,10.31
194,1195,B,37,X,1,64,342.94,49.27,12.89,2.152,50.52,-2.18,6.27
194,1195,B,37,X,5,64,348.94,91.64,6.29,2.056,55.73,0.2,12.13
194,1195,B,38,X,1,64,352.54,68.51,13.49,1.949,53.02,-1.28,8.52
194,1195,B,39,X,1,66,362.16,87.9,12.09,1.82,56.01,-0.21,10.8
194,1195,B,39,X,3,77,365.27,77.85,14.09,2.13,56.3,-0.51,8.19
194,1195,B,40,X,1,72,371.92,83.74,6.49,1.808,55.31,-0.53,9.59
194,1195,B,40,X,3,67,374.87,30.38,16.69,1.782,45.17,-1.32,4.73
194,1195,B,41,X,1,64,381.54,54.89,8.69,1.896,52.74,-1.23,7.8
194,1195,B,42,X,1,64,391.24,79.31,8.69,1.908,54.49,-1.18,10.86
194,1195,B,42,X,3,64,393.96,57.47,13.09,1.914,50.51,-1.41,5.78
194,1195,B,43,X,1,64,400.94,73.31,16.29,1.945,54.54,-0.88,10.21
194,1195,B,44,X,1,64,410.54,70.56,13.29,1.99,52.82,-2.3,8.11
194,1195,B,44,X,3,64,413.36,65.66,15.69,1.941,50.7,-1.46,6.23
194,1195,B,44,X,5,64,416.36,88.07,10.29,2.112,56.99,-1.37,8.9
194,1195,B,45,X,1,64,420.14,80.7,14.29,2.018,55.96,-1.43,8.54
194,1195,B,45,X,3,64,423.14,81.94,11.09,1.905,51.14,-1.66,8.68
194,1195,B,45,X,5,64,426.14,76.22,16.69,2.012,53.79,-1.27,8.02
194,1195,B,46,X,1,64,429.74,76.9,11.49,2.061,54.39,-1.39,7.92
194,1195,B,46,X,3,64,432.44,70.85,16.49,1.975,51.45,-2.25,9.1
194,1195,B,46,X,5,64,435.44,73.32,14.89,1.987,55.33,-1.56,7.59
194,1195,B,47,X,1,64,439.44,63.87,12.49,1.806,49.15,-1.52,6.88
194,1195,B,47,X,3,64,442.39,76.98,9.29,2.041,51.21,-1.37,8.64
194,1195,B,47,X,5,64,445.21,75.5,12.69,2.139,54.96,-1.19,7.49
194,1195,B,48,X,1,64,449.04,64.18,17.49,1.979,48.74,-1.52,6.9
194,1195,B,48,X,3,64,452.04,87.03,16.69,1.997,49.52,-0.58,8.32
194,1195,B,48,X,5,64,455.04,86.25,15.69,2.112,53.07,0.03,8.97
194,1195,B,49,X,1,64,458.64,87.87,7.89,1.76,45.51,-0.54,7.68
194,1195,B,49,X,3,64,461.64,84.28,14.09,1.96,53.04,-0.78,7.96
194,1195,B,50,X,1,64,468.34,17.96,24.09,2.1,39.77,-2.8,3.11
194,1195,B,51,X,1,64,477.94,42.73,29.29,2.049,37.15,-2.29,5.58
194,1195,B,52,X,1,64,487.54,60.4,23.29,1.099,45.66,-0.63,6.69
194,1195,B,54,X,1,63,506.83,72.04,16.29,1.988,49.02,-0.93,6.51
194,1195,B,54,X,3,64,509.84,55.49,16.89,2.085,48.82,-1.33,6.44
194,1195,B,55,X,1,63,516.33,71.67,30.49,1.962,43.52,-1.27,6.56
194,1196,A,2,R,1,32,9.92,106.47,6.49,2.048,43.43,-1.02,6.76
194,1196,A,4,R,1,92,29.42,100.88,8.49,2.048,43.43,-1.02,6.76
194,1196,A,7,R,1,81,57.71,106.89,6.89,1.709,43.43,-1.02,6.76
194,1196,A,7,R,2,40,58.71,106.35,10.49,1.449,43.43,-1.02,6.76
194,1196,A,9,R,2,32,77.84,106.04,10.29,-0.022,43.43,-1.02,6.76
194,1196,A,11,R,1,68,96.08,106.2,15.69,1.803,43.43,-1.02,6.76
194,1196,A,12,R,1,69,105.69,105.1,6.09,-0.382,43.43,-1.02,6.76
194,1196,A,13,R,2,56,116.76,106.27,9.89,-0.204,43.43,-1.02,6.76
194,1196,A,14,R,1,51,124.81,106,24.49,-0.346,43.43,-1.02,6.76
194,1196,A,14,R,2,16,125.86,105.64,22.29,-0.345,43.43,-1.02,6.76
194,1196,A,16,R,1,55,144.05,106.85,10.49,-0.164,43.43,-1.02,6.76
194,1196,A,18,R,3,45,166.11,106.62,8.89,-0.164,43.43,-1.02,6.76
194,1196,A,19,R,1,66,172.96,106.12,6.89,-0.164,43.43,-1.02,6.76
194,1196,A,19,R,2,106,174.79,105.66,8.89,-0.164,43.43,-1.02,6.76
194,1196,A,20,R,1,87,182.77,98.95,11.69,-0.164,43.43,-1.02,6.76
194,1196,A,21,R,1,94,192.44,98.6,9.89,-0.164,43.43,-1.02,6.76
194,1196,A,22,R,1,7,201.17,98.71,9.29,-0.164,43.43,-1.02,6.76
194,1196,A,25,R,1,40,230.3,98.96,11.49,-0.164,43.43,-1.02,6.76
194,1196,A,26,R,1,16,239.76,99.14,7.69,-0.164,43.43,-1.02,6.76
194,1196,A,27,R,1,2,249.22,99.95,7.69,-0.164,43.43,-1.02,6.76
194,1196,A,27,R,1,23,249.43,99.27,7.69,-0.164,43.43,-1.02,6.76
194,1196,A,28,R,1,8,258.88,96.87,7.69,-0.164,43.43,-1.02,6.76
194,1196,A,31,R,1,12,287.72,100.01,7.69,-0.164,43.43,-1.02,6.76
194,1196,A,33,R,1,64,307.54,99.91,19.29,-0.164,43.43,-1.02,6.76
194,1196,A,34,R,1,64,317.24,98.95,14.09,-0.164,43.43,-1.02,6.76
194,1196,A,35,R,1,8,326.38,99.94,10.69,-0.164,43.43,-1.02,6.76
194,1196,A,36,R,1,2,335.92,100.64,10.69,-0.164,43.43,-1.02,6.76
194,1196,A,37,R,1,55,346.05,100.08,10.69,-0.164,43.43,-1.02,6.76
194,1196,A,38,R,1,8,355.18,99.62,10.69,-0.164,43.43,-1.02,6.76
194,1196,A,41,R,1,14,384.04,99.45,10.69,-0.164,43.43,-1.02,6.76
194,1196,A,42,R,1,11,393.61,99.74,10.69,-0.164,43.43,-1.02,6.76
194,1196,A,44,R,1,55,413.25,106.3,10.69,-0.164,43.43,-1.02,6.76
194,1197,A,3,H,2,62,17.72,85.2,10.29,1.732,66.51,0.7,11.45
194,1197,A,4,H,4,62,30.22,87.36,6.89,1.627,36.27,0.36,5.66
194,1197,A,4,H,6,62,33.22,90.49,7.69,1.616,69.72,0.2,9.78
194,1197,A,5,H,4,62,39.72,93.55,6.49,1.667,69.31,0.31,7.53
194,1197,A,6,H,2,62,46.22,86.58,9.89,1.621,62.4,1.17,10.05
194,1197,B,2,R,1,43,60.03,96.83,12.69,1.805,60.32,2.98,13.35
194,1197,B,6,R,1,3,98.23,104.07,6.09,1.805,60.32,2.98,13.35
194,1197,B,14,R,1,14,175.14,104.46,6.09,1.805,60.32,2.98,13.35
194,1197,B,15,R,1,9,184.69,101.06,6.09,1.805,60.32,2.98,13.35
194,1197,B,16,R,1,36,194.56,103.41,6.49,1.805,60.32,2.98,13.35
194,1197,B,18,R,1,17,213.57,101.27,10.69,1.805,60.32,2.98,13.35
194,1197,B,19,R,1,4,223.04,100.79,10.69,1.805,60.32,2.98,13.35
194,1197,B,20,R,1,20,232.9,102.23,10.69,1.805,60.32,2.98,13.35
194,1197,B,21,R,1,35,242.65,102.54,10.69,1.805,60.32,2.98,13.35
194,1197,B,22,R,1,19,252.09,101.34,10.69,1.805,60.32,2.98,13.35
194,1197,B,23,R,1,20,261.7,102.3,10.69,1.805,60.32,2.98,13.35
194,1197,B,24,R,1,32,271.52,100.42,10.69,1.805,60.32,2.98,13.35
194,1197,B,35,R,3,74,380.8,93.89,7.09,1.358,60.32,2.98,13.35
194,1197,B,36,R,1,40,387.1,90.09,10.09,1.81,51.56,-0.4,9.25
194,1197,B,36,R,2,40,388.6,88.55,10.49,1.892,51.82,-0.53,10.59
194,1197,B,36,R,3,41,389.82,91.5,7.69,1.873,52.75,-0.05,10.44
194,1197,B,37,R,1,61,396.91,97.23,13.49,1.951,57.86,0.53,8.3
194,1197,B,38,R,2,99,408.39,81.54,9.29,1.883,52.04,-0.26,4.69
194,1197,B,38,R,4,99,410.91,89.35,14.29,1.638,47.04,-0.19,8.02
194,1197,B,39,R,2,100,417.93,86.91,7.49,1.93,51.06,-0.18,10.85
194,1197,B,39,R,6,90,423.36,92,11.09,1.906,49.35,-0.04,11.05
194,1197,B,40,R,2,103,427.57,94.9,15.29,1.163,47.78,0.56,9.63
194,1197,B,40,R,4,99,429.91,92.02,16.49,1.9,53.78,0.08,10.63
194,1197,B,41,R,1,124,435.84,93.89,6.89,1.9,56.87,0.22,10.24
194,1197,B,41,R,3,105,438.43,91.23,12.69,1.88,55.36,0.07,10.24
194,1197,B,42,R,1,134,445.64,93.18,6.89,1.84,52.34,0.13,11.63
194,1197,B,43,R,1,126,455.16,93.8,15.09,1.812,57.32,0.08,9.58
194,1197,B,44,R,2,103,465.73,87.24,6.89,1.886,51.08,-0.1,8.78
194,1197,B,44,R,4,101,468.35,83.31,7.69,1.848,51.82,-0.67,8.88
194,1197,B,44,R,6,79,471.13,87.4,8.49,1.827,51.46,0.5,9.5
194,1197,B,45,R,2,84,475.42,65.23,21.09,1.841,46.24,-0.47,7.74
194,1197,B,45,R,4,101,478.02,94.33,6.49,1.944,54.79,0.36,9.93
194,1197,B,45,R,6,83,480.77,87.19,8.89,1.844,58.03,-0.29,7.14
194,1197,B,46,R,2,83,485.13,76.81,14.69,1.909,50.56,-0.47,8.76
194,1197,B,46,R,4,104,488.13,90.13,10.09,2.101,52.96,0.51,8.34
194,1197,B,46,R,6,80,490.89,84.79,10.89,2.034,49.47,0.04,9.1
194,1197,B,47,R,2,68,494.58,59.09,20.69,1.733,42.58,0.04,6.75
194,1197,B,47,R,6,78,500.19,94.83,12.29,1.793,56.91,0.61,9.76
194,1197,B,48,R,1,66,502.66,86.63,9.69,1.618,52.81,0.68,10.6
194,1197,B,48,R,3,36,505.23,86.18,11.69,1.802,53,-0.27,9.28
194,1197,B,48,R,5,53,508.31,77.02,7.29,1.841,47.54,0.16,7.17
194,1197,B,49,R,1,19,511.79,87.55,8.29,1.841,50.38,0.18,8.52
194,1197,B,49,R,2,38,513.32,81.99,8.89,1.917,49.93,0.02,7.05
194,1197,B,49,R,3,44,514.78,87.35,6.89,1.035,45.5,1.38,8.86
194,1197,B,50,R,2,81,523.51,86.29,10.49,1.916,48.86,0.68,9.4
194,1197,B,50,R,4,82,526.43,82.12,15.89,1.852,44.94,0.1,9.04
194,1197,B,50,R,6,65,529.26,88.05,13.09,1.943,50.9,-0.43,8.04
194,1197,B,52,R,1,81,541.31,77.15,10.09,1.931,47.6,-0.69,9.34
194,1197,B,52,R,3,74,544.19,71.89,15.89,1.972,49.42,-0.7,6.47
194,1197,B,53,R,4,80,555.13,85.41,11.49,2.013,55.05,-0.34,7.24
194,1197,B,53,R,5,80,556.63,97.92,15.09,1.498,51.13,0.58,6.08
194,1197,B,54,R,4,80,564.97,90.33,15.09,2.019,53.43,-0.04,8.84
194,1197,B,54,R,6,80,566.85,93.2,17.49,1.935,49.03,0.64,8.39
194,1197,B,55,R,2,72,571.48,96.24,6.49,1.966,58.17,0.08,8.17
194,1197,B,55,R,4,72,574.48,90.05,20.69,2.136,48.99,1.01,7.44
194,1197,B,55,R,6,72,577.31,87.83,16.09,2.055,48.18,0.89,6.47
194,1197,B,56,R,4,72,584.22,93.77,9.89,2.016,53.88,0.16,7.01
194,1197,B,57,R,2,67,590.77,91.57,8.69,1.998,53.27,0.63,8.34
194,1197,B,57,R,4,90,594,85.48,17.09,1.992,45.52,0.41,9.47
194,1197,B,58,R,2,76,600.46,90.31,11.89,2.01,50.8,0.03,8.15
194,1197,B,58,R,4,87,603.57,91.72,14.29,2.005,50.27,-0.56,6.63
194,1197,B,58,R,6,63,606.33,89.52,12.49,2.014,62.35,-0.99,7.03
194,1197,B,59,R,2,120,610.6,97.22,10.09,1.985,54.5,-0.64,5.31
194,1197,B,60,R,2,101,619.64,98.31,10.69,1.822,62.2,-0.24,8.75
194,1197,B,62,R,1,60,637.1,92.21,20.49,1.816,51.89,-0.14,5.68
194,1197,B,62,R,3,68,640.12,98.18,13.89,1.906,66.49,-0.41,9.6
194,1197,B,63,R,1,27,646.37,91.67,11.69,1.873,51.39,3.74,15.28
194,1197,B,63,R,1,53,646.63,93.11,15.49,1.891,47.19,1.43,8.98
194,1197,B,63,R,3,24,649.16,67.97,15.09,1.875,47.18,-0.97,4.37
194,1197,B,63,R,3,32,649.24,62.9,21.29,1.862,38.6,-0.33,1.36
194,1197,B,64,R,1,24,655.94,66.39,42.49,1.228,46.58,-1.25,5.46
194,1197,B,64,R,2,32,657.39,4.33,16.29,1.877,49.4,-1.26,1.46
194,1198,A,2,H,2,62,7.12,84.35,6.49,1.832,61,-0.52,8.64
194,1198,A,3,H,2,62,16.62,85.78,15.29,1.721,58.88,-0.45,8.36
194,1198,A,3,H,4,62,19.62,87.51,7.69,1.878,65.14,-0.74,9.96
194,1198,A,3,H,6,62,22.62,88.86,10.89,1.61,52.66,0.16,9.99
194,1198,A,4,H,2,62,26.12,85.82,8.89,1.823,64.98,-1.24,10.22
194,1198,A,4,H,4,62,29.12,92.77,8.69,1.855,68.4,-0.79,10.74
194,1198,A,4,H,6,62,32.12,92.54,11.69,1.801,64.71,-1.08,7.73
194,1198,A,5,H,2,62,35.62,89.48,8.49,1.794,63.47,-0.94,9.05
194,1198,A,5,H,4,62,38.62,79.6,13.69,1.801,57.58,-0.95,9.02
194,1198,A,5,H,6,62,41.62,92.22,14.29,1.91,65.25,-0.89,11.11
194,1198,A,6,H,2,62,45.12,88.34,10.49,1.803,62.94,-0.7,9.72
194,1198,A,6,H,4,62,48.12,80.79,11.09,1.854,54.53,-0.37,7.3
194,1198,A,6,H,6,62,51.12,76.16,15.09,1.943,49.5,0.07,7.88
194,1198,A,7,H,2,62,54.62,81.91,12.69,1.894,57.05,-1.4,8.06
194,1198,A,7,H,4,62,57.62,86.99,12.29,1.848,61.9,-1.24,10.96
194,1198,A,7,H,6,62,60.62,90.57,9.09,1.868,67.65,-0.78,9.54
194,1198,A,8,H,2,62,64.12,78.85,14.89,1.896,58.45,-1.04,8.72
194,1198,A,8,H,4,62,67.12,81.23,13.49,1.843,55.79,-1.28,7.15
194,1198,A,8,H,6,62,70.12,83.37,12.29,1.772,63.81,-1.2,9.5
194,1198,A,9,H,2,62,73.62,77.36,11.69,1.885,58.38,-1.07,9.55
194,1198,A,9,H,4,62,76.62,79.45,11.09,1.885,60.78,-1.45,9.54
194,1198,A,9,H,6,62,79.62,77.64,12.49,1.836,58.96,-1.01,9.58
194,1198,A,10,H,2,62,83.12,75.24,9.49,1.842,59.59,-1.48,9.32
194,1198,A,10,H,4,62,86.12,71.18,15.89,1.858,55.06,-1.37,8.73
194,1198,A,10,H,6,76,89.26,88.85,6.29,1.785,61.73,-0.75,9.16
194,1198,A,11,H,2,62,92.62,86.18,10.29,1.77,60.68,-0.71,9.93
194,1198,A,11,H,4,62,95.62,79.92,13.09,1.852,59.37,-1.12,10.47
194,1198,A,11,H,6,62,98.62,88.54,12.29,1.769,56.48,-0.08,9.86
194,1198,A,12,H,2,62,102.12,84.09,11.49,1.766,56.76,-0.3,9.15
194,1198,A,12,H,4,62,105.12,81.76,15.09,1.77,53.11,-0.48,7.84
194,1198,A,12,H,6,62,108.12,78.82,14.29,1.835,55.26,-0.62,8.86
194,1198,A,13,H,2,62,111.62,70.56,16.29,1.824,50.54,-0.98,9.29
194,1198,A,13,H,4,62,114.62,83.74,11.29,1.741,51.29,-0.22,8.64
194,1198,A,13,H,6,62,117.62,85.64,8.09,1.745,55.98,-0.63,9.86
194,1198,A,14,H,2,62,121.12,79.33,12.29,1.808,50.79,-1.02,9.2
194,1198,A,14,H,4,62,124.12,62.17,21.49,1.881,50.75,-1,7.36
194,1198,A,14,H,6,62,127.12,85.67,28.89,1.733,54.09,-0.7,9.89
194,1198,A,15,H,2,62,130.62,76.64,18.49,1.785,53.4,-0.93,9.18
194,1198,A,15,H,4,62,133.62,80.71,17.29,1.862,51.17,-0.86,7.51
194,1198,A,15,H,6,62,136.62,83.41,17.89,1.872,57.85,-0.67,10.12
194,1198,A,16,H,2,62,140.12,74.74,15.09,1.847,59.25,-0.68,9.06
194,1198,A,16,H,4,62,143.12,76.87,12.09,1.877,54.46,-1.12,9.74
194,1198,A,16,H,6,62,146.12,65.06,16.49,2.034,53.23,-1.21,9.23
194,1198,A,17,H,2,62,149.62,80.38,17.29,1.79,55.32,-0.92,9.56
194,1198,A,17,H,4,62,152.62,80.11,8.89,1.802,54.46,-1.12,9.27
194,1198,A,17,H,6,62,155.53,79.94,16.09,1.819,54.6,-0.71,10.38
194,1198,A,18,H,2,62,159.12,80.93,12.69,1.688,59.4,-0.92,9.54
194,1198,A,18,H,4,62,162.12,76.23,12.29,1.838,53.09,-0.51,9.58
194,1198,A,18,H,6,62,165.12,64.3,14.49,1.819,49.16,-0.79,7.24
194,1198,A,19,H,2,62,168.62,80.33,11.49,1.73,48.2,-0.54,12.14
194,1198,A,19,H,4,62,171.62,80.57,11.89,1.795,50.71,-0.09,11.44
194,1198,A,19,H,6,62,174.62,85.86,10.29,1.824,49.85,-0.02,9.9
194,1198,A,20,H,2,63,178.13,83.54,8.89,1.756,53.43,-0.06,10.03
194,1198,A,20,H,4,63,181.13,75.13,12.49,1.824,54.72,-0.58,8.82
194,1198,A,20,H,6,63,184.13,80.71,13.69,1.801,53.11,-0.12,9.28
194,1198,A,21,H,2,62,187.62,76.5,11.49,1.795,50.45,-0.14,10.18
194,1198,A,21,H,4,62,190.62,76.23,11.29,1.812,49.56,-0.14,10.14
194,1198,A,21,H,6,62,193.62,70.89,17.49,1.775,51.28,0.04,8.35
194,1198,A,22,H,2,62,197.12,75.82,13.49,1.809,51.09,0.44,8.37
194,1198,A,22,H,4,62,200.12,76.62,17.49,1.785,50.86,0.2,10.15
194,1198,A,23,X,1,62,203.62,97.45,20.69,2.017,76.86,0.04,9.43
194,1198,B,2,R,1,36,205.56,96.24,10.49,1.536,38.44,0.23,4.03
194,1198,B,4,R,1,48,224.88,99.64,10.49,1.536,38.44,0.23,4.03
194,1198,B,5,R,1,13,234.13,99.16,10.49,1.536,38.44,0.23,4.03
194,1198,B,6,R,1,4,243.64,98.12,10.49,1.536,38.44,0.23,4.03
194,1198,B,7,R,1,55,253.85,99.22,10.49,1.536,38.44,0.23,4.03
194,1198,B,8,R,1,1,262.91,97.22,10.49,1.536,38.44,0.23,4.03
194,1198,B,10,R,1,49,282.69,97.6,10.49,1.536,38.44,0.23,4.03
194,1198,B,11,R,1,74,292.54,97.57,10.49,1.536,38.44,0.23,4.03
194,1198,B,12,R,1,9,301.49,96.11,10.49,1.536,38.44,0.23,4.03
194,1198,B,15,R,1,22,330.52,96.81,10.49,1.536,38.44,0.23,4.03
194,1198,B,16,R,1,3,339.93,97.48,10.49,1.536,38.44,0.23,4.03
194,1198,B,17,R,1,23,349.73,95.16,10.49,1.536,38.44,0.23,4.03
194,1198,B,17,R,2,54,350.78,89.48,10.49,1.536,38.44,0.23,4.03
194,1198,B,18,R,2,97,361.45,94.05,7.49,1.589,50.14,0.32,6.92
194,1198,B,19,R,2,38,370.01,91.63,13.09,2.112,47.36,0.34,10.52
194,1198,B,20,R,2,67,380.34,92.13,7.09,1.903,50.68,0.13,11.46
194,1198,B,21,R,2,56,390.04,94.91,10.09,1.799,51.69,0.63,11.33
194,1198,B,22,R,2,70,399.8,81.56,15.29,1.854,49.47,-0.1,8.09
194,1198,B,22,R,4,70,402.8,71.36,16.89,1.758,49.86,-0.64,8.03
194,1198,B,22,R,6,70,405.8,46.81,17.09,1.932,44.5,-1.63,5.37
194,1198,B,23,R,2,73,409.28,71.37,18.09,1.746,48.71,-0.75,5.66
194,1198,B,23,R,4,68,412.25,53.13,13.49,1.654,47.83,-1.46,6.76
194,1198,B,23,R,6,65,414.88,77.47,13.89,1.996,55.19,-0.48,8.13
194,1198,B,24,R,2,71,418.96,54,16.09,1.636,43.49,-1.19,5.7
194,1198,B,24,R,4,48,421.73,78.68,18.29,2.094,48.6,-0.08,8.54
194,1198,B,24,R,6,61,424.86,70.43,16.09,1.93,50.56,-0.97,7.54
194,1198,B,25,R,2,67,428.57,53.82,17.49,1.807,52.38,-1.2,5.71
194,1198,B,25,R,4,77,431.67,77.73,11.29,1.867,45.06,-0.27,7
194,1198,B,25,R,6,78,434.68,61.05,17.29,1.938,38.36,-0.5,3.57
194,1198,B,26,R,2,72,438.22,68.23,14.89,1.852,51.5,-0.79,6.08
194,1198,B,26,R,4,72,441.22,62.99,13.09,1.797,47.37,-1.32,6.74
194,1198,B,27,R,2,72,447.88,74.28,14.29,1.876,51.07,-0.8,7.18
194,1198,B,27,R,4,72,450.46,84.87,11.49,1.863,56.45,0.1,10.08
194,1198,B,27,R,6,77,453.23,84.97,9.89,1.857,54.04,-0.14,9.6
194,1198,B,28,R,2,72,457.37,72.67,13.29,1.883,49.22,-0.13,6.79
194,1198,B,28,R,4,72,460.37,79.24,14.69,1.838,52.5,0.19,8.36
194,1198,B,28,R,6,74,463.18,86.57,6.89,1.837,59.49,0.75,10.72
194,1198,B,29,R,1,70,465.6,80.36,10.09,1.83,55.33,0.68,10.85
194,1198,B,30,R,2,64,476.5,84.49,14.69,1.944,51.73,-0.44,7.6
194,1198,B,30,R,4,41,479.02,86.15,15.09,1.903,55.53,0.36,8.77
194,1198,B,30,R,6,61,482.22,78.83,13.89,1.971,49.75,-0.89,7.21
194,1198,B,31,R,4,43,488.53,82.15,8.89,1.949,52.24,-0.6,6.62
194,1198,B,32,R,2,53,495.83,93.94,16.49,1.911,59.95,0.67,9.12
194,1198,B,32,R,4,62,498.56,94.54,21.69,1.938,53.24,-0.28,8.93
194,1198,B,32,R,6,23,500.77,92.6,6.09,1.666,56.45,0.65,9.64
194,1198,B,33,R,1,53,503.93,91.05,6.29,1.831,38.49,0.63,4.59
194,1198,B,34,R,1,21,513.21,98.24,17.49,0.865,38.49,0.63,4.59
194,1198,B,34,R,2,64,515.08,1.22,41.89,1.995,38.49,0.63,4.59
194,1198,B,34,R,4,18,517.4,0.39,26.49,1.915,38.49,0.63,4.59
210,1276,A,85,R,3,0,1590.7,7.664,35.98,2.031,35.9,-0.23,0.96
210,1276,A,85,R,3,71,1591.41,70.972,27.78,2.311,61.88,-0.12,5.75
210,1276,A,85,R,4,96,1592.41,4.332,44.68,2.073,38.17,-0.32,0.6
210,1276,A,86,R,3,0,1597.8,3.499,37.28,1.996,39.48,-0.5,0.41
210,1276,A,86,R,4,17,1599.47,8.163,49.48,1.651,36.69,-0.14,0.13
210,1276,A,86,R,5,19,1600.99,0.75,47.68,1.717,35.07,-0.23,0.04
210,1276,A,86,R,6,23,1602.03,1.333,50.38,2.141,37.16,-0.02,1.01
210,1276,A,87,R,1,58,1605.08,6.081,48.18,1.736,24.85,-0.16,0.52
210,1276,A,87,R,2,0,1606,0.583,30.28,2.029,42.13,-0.63,1.2
210,1276,A,87,R,2,100,1607,0.083,59.38,1.879,31.85,-1.16,0.54
210,1276,A,87,R,2,104,1607.04,5.081,59.28,2.079,37.53,-0.66,0.39
210,1276,A,87,R,2,118,1607.18,2.416,65.48,1.968,35.14,-0.22,0.2
210,1276,A,87,R,2,120,1607.2,2.416,65.48,1.968,35.14,-0.22,0.2
210,1276,A,87,R,3,136,1608.9,20.075,31.38,2.151,42.38,-0.56,1.01
210,1276,A,87,R,5,0,1610.58,7.747,38.08,1.917,36.56,-0.02,0.04
210,1276,A,87,R,5,6,1610.64,7.33,40.08,1.788,35.45,0.03,0.69
210,1276,A,87,R,5,143,1612.01,9.829,31.78,2.09,36.54,0.06,0.19
210,1276,A,89,R,1,34,1623.94,13.745,45.78,1.945,31.25,-0.12,0.56
210,1276,A,89,R,1,35,1623.95,17.076,37.58,1.933,29.88,0.1,0.57
210,1276,A,88,R,8,96,1624,12.578,49.88,1.842,35.43,0.07,0.51
210,1276,A,89,R,1,119,1624.79,0.5,48.98,2.071,34.33,1.42,1.44
210,1276,A,89,R,2,0,1625.1,4.998,34.68,1.921,35.94,-0.02,0.02
210,1276,A,89,R,2,35,1625.45,0.583,50.78,1.99,32.09,-1.49,0.19
210,1276,A,89,R,2,36,1625.46,0.417,52.88,2.162,26.31,-0.58,0.4
210,1276,A,89,R,3,13,1626.73,9.996,46.38,1.974,28.94,-0.13,0.05
210,1276,A,89,R,4,3,1627.34,9.829,42.28,1.903,67.39,-0.37,0.17
210,1276,A,89,R,4,5,1627.36,9.163,42.28,1.903,67.39,-0.37,0.17
210,1276,A,89,R,5,0,1628.64,7.664,27.58,2.195,40.75,-0.24,0.87
210,1276,A,89,R,5,3,1628.67,5.248,27.58,2.195,35.34,-0.04,0.34
210,1276,A,89,R,5,6,1628.7,3.915,36.78,1.906,35.7,-0.19,1.03
210,1276,A,89,R,6,3,1630.17,7.33,25.98,0.356,30.11,-0.11,0.64
210,1276,A,89,R,6,5,1630.19,7.83,25.98,0.356,30.11,-0.11,0.64
210,1276,A,90,R,1,82,1634.12,1,41.58,0.983,44.49,-0.22,2.17
210,1276,A,90,R,2,84,1635.64,0.75,27.28,2.023,41.4,-0.51,1.7
210,1276,A,90,R,3,87,1637.14,0.5,72.78,2.023,25.12,-0.14,1.05
210,1276,A,90,R,4,79,1638.56,11.412,48.58,2.016,35.68,-0.2,0.72
210,1276,A,90,R,4,104,1638.81,2.332,57.28,1.989,40.34,-0.25,0.08
210,1276,A,90,R,5,96,1640.23,0.417,40.58,1.973,40.19,-0.64,2.54
210,1276,A,90,R,6,0,1640.77,6.331,46.98,2.04,26.7,-0.11,1.65
210,1276,A,90,R,6,26,1641.03,12.745,51.88,2.006,20.92,-0.15,1.23
210,1276,A,90,R,7,21,1641.88,0.417,62.68,2.075,23.96,-0.24,1.15
210,1276,A,91,R,1,60,1643.4,15.411,49.48,1.966,32.71,-0.06,0
210,1276,A,91,R,2,0,1644.3,6.997,36.28,1.947,33.37,0.12,0.35
210,1276,A,91,R,2,112,1645.42,0.5,51.88,2.064,27.67,-2.32,0.57
210,1276,A,91,R,3,74,1646.54,1,54.08,2.051,27.07,0.02,0.58
210,1276,A,91,R,4,133,1648.63,29.572,38.48,0.534,35.93,-0.78,1.02
210,1276,A,91,R,5,0,1648.8,8.08,45.68,1.898,38.16,-0.51,0.52
210,1276,A,91,R,5,17,1648.97,49.23,34.68,0.33,35.65,-0.06,0.76
210,1276,A,92,R,1,23,1652.73,4.165,55.18,1.981,40.51,-0.17,0.6
210,1276,A,92,R,1,130,1653.8,7.664,47.78,1.944,35.88,0.07,0.76
210,1276,A,92,R,2,24,1654.24,7.913,52.98,2.065,37.02,-0.14,0.7
210,1276,A,92,R,3,0,1655.5,7.414,45.88,1.988,29.66,0.07,1.26
210,1276,A,92,R,3,21,1655.71,14.911,40.08,2.009,43.63,-0.16,2.98
210,1276,A,92,R,4,97,1657.97,6.497,50.88,2.015,42.56,-0.13,0.29
210,1276,A,92,R,5,0,1658.5,5.581,40.88,1.99,39.99,0.09,1.47
210,1276,A,92,R,5,112,1659.62,1.583,57.28,2.007,43.84,-0.13,0.89
210,1276,A,92,R,6,126,1661.26,0.417,51.98,2.105,42.34,-2.81,0.42
210,1276,A,92,R,CC,46,1661.94,37.152,37.38,1.88,34.03,-1.47,1.82
210,1276,A,93,R,2,0,1663.6,7.33,29.38,1.926,35.95,-0.04,0.53
210,1276,A,93,R,3,65,1665.75,9.996,39.68,1.968,37.77,-0.55,0.83
210,1276,A,93,R,3,96,1666.06,4.415,47.58,1.901,37.31,-0.28,0.94
210,1276,A,93,R,4,0,1666.6,4.998,43.38,0.116,27.13,0.04,1.44
210,1276,A,93,R,4,127,1667.87,0.666,51.78,1.989,38.07,-1.03,1.32
210,1276,A,93,R,5,115,1669.25,6.497,48.98,1.911,30.84,-0.19,0.49
210,1276,A,94,R,1,8,1671.88,5.664,40.88,1.763,31.22,0.04,0.13
210,1276,A,94,R,2,14,1673.4,22.408,28.28,2.093,49.4,-0.37,2.73
210,1276,A,94,R,3,47,1675.12,23.824,31.68,1.994,41.42,-0.37,0.72
210,1276,A,94,R,4,0,1676.15,5.914,45.58,2.067,34.57,0.01,0.36
210,1276,A,94,R,4,31,1676.46,16.244,62.48,2.022,30.98,0.22,0.68
210,1276,A,94,R,5,36,1677.95,30.321,51.58,1.472,39.72,0.13,0.7
210,1276,A,94,R,5,71,1678.3,2.916,51.58,0.323,29.94,0.1,1.12
210,1276,A,94,R,6,0,1679.09,7.414,38.38,1.994,38.47,0.02,0.78
210,1276,A,94,R,6,34,1679.43,9.996,38.18,-0.151,29.45,0.02,0.62
210,1276,A,94,R,CC,23,1680.13,8.247,32.48,2,27.33,0.04,0.56
210,1276,A,95,R,3,0,1684.06,11.079,37.58,1.997,34.14,0.05,1.04
210,1276,A,95,R,3,78,1684.84,3.665,47.18,2.01,33.14,-0.83,0.84
210,1276,A,95,R,5,43,1687.39,11.662,56.68,2.261,27.01,-0.01,0.15
210,1276,A,96,R,1,53,1691.43,22.658,30.38,2.046,42.01,-0.1,2.05
210,1276,A,96,R,1,132,1692.22,1.083,25.08,1.01,37.31,-0.5,0.65
210,1276,A,96,R,2,0,1692.33,4.082,18.78,1.896,21.27,0.15,0.17
210,1276,A,96,R,2,99,1693.32,6.414,37.48,1.459,27.19,0.09,0.07
210,1276,A,96,R,4,44,1695.85,6.414,32.28,1.547,33.56,0.04,0.18
210,1276,A,96,R,5,0,1696.95,6.248,46.38,2.043,31.07,0.25,0.38
210,1276,A,97,R,1,96,1701.46,0.167,42.28,1.805,41.31,-0.11,0.32
210,1276,A,97,R,2,0,1702,5.998,10.08,-0.258,40.52,-0.1,0.71
210,1276,A,98,R,3,0,1713.01,1.25,27.48,1.927,56.16,0.8,5.13
210,1276,A,98,R,3,45,1713.46,8.163,31.48,1.249,48.67,2.24,6.44
210,1276,A,98,R,3,87,1713.88,12.495,41.58,2.035,48.88,-1.65,2.98